sim_time,super_dense_time,controller.moveDiscreteCommand,controller.MovementArgs_target_X,controller.MovementArgs_target_Y,controller.MovementArgs_target_Z,dmodel.movediscrete,mapping.q0,mapping.q1,mapping.q2,mapping.q3,mapping.q4,mapping.q5,mapping.robotStopped,mapping.moveCompleted
0.0,1,False,0.0,0.0,0.0,False,0.0,0.0,0.0,0.0,0.0,0.0,True,True
0.5,1,False,0.0,0.0,0.0,False,-3.643791890439729e-08,-0.00030881650172220887,1.3322676295501878e-15,-0.00012357014026687096,6.286912560327096e-06,-0.0001211264284388669,True,True
1.0,1,False,0.0,0.0,0.0,False,-1.290193273995044e-06,-0.0008443737649161953,3.9968028886505635e-15,-0.0002683074693945464,-1.4428119143872209e-08,-0.00014321102033765243,True,True
1.5,1,False,0.0,0.0,0.0,False,9.912708223147604e-07,-0.0002765182586847992,1.7763568394002505e-15,-2.8689114673241534e-05,1.4074513422279722e-05,-7.731533174126781e-05,True,True
2.0,1,False,0.0,0.0,0.0,False,-1.0808011507990045e-07,-0.001599283375060434,1.7763568394002505e-15,-0.0002383176645683882,5.889867193964449e-07,-9.579512188384598e-05,True,True
2.5,1,False,0.0,0.0,0.0,False,2.2107278674354802e-07,-0.0006050297872928212,-1.7763568394002505e-15,-0.00018133348558135864,1.3402411305207806e-06,-3.503233875390421e-05,True,True
3.0,1,False,0.0,0.0,0.0,False,-2.0728100378342162e-06,-0.0026154697546436623,-4.884981308350689e-15,-0.00010976463009049198,2.128007321466896e-06,-0.0002164002363111983,True,True
3.5,1,False,0.0,0.0,0.0,False,6.800147889229891e-07,-0.00012809701347915592,-6.661338147750939e-15,0.0001161330843255648,3.880607673423242e-06,-0.0002406851764416018,True,True
4.0,1,False,0.0,0.0,0.0,False,-7.016239944590552e-07,0.0010879057884762844,-4.440892098500626e-15,0.00039214562977107903,4.654156730232728e-06,-0.0001242356943644829,True,True
4.5,1,False,0.0,0.0,0.0,False,6.318253857884315e-07,-0.0012067487093037066,-4.440892098500626e-15,-9.929081986737032e-05,3.959897806549151e-06,9.546444028307732e-05,True,True
5.0,1,True,0.0,23.0,1.0,False,9.608207975908556e-07,-0.0003833646109705491,-4.440892098500626e-15,-2.8646334230497672e-05,7.312598724329433e-06,-0.0001916807867039516,True,True
5.5,1,False,0.0,23.0,1.0,True,-4.227291289460311e-06,-0.001439392691065411,-8.881784197001252e-15,-0.000372146027938669,5.403739764542337e-06,-0.0003012855036326201,True,True
6.0,1,False,0.0,23.0,1.0,True,1.681398609676421e-06,-0.003482147522545276,-7.993605777301127e-15,-0.000610923137948749,1.0371219151483757e-05,-4.991192049441651e-06,True,False
6.5,1,False,0.0,23.0,1.0,True,9.845690581489208e-06,-0.001075188381047365,-3.9968028886505635e-15,-0.00035750999210737433,9.27377294246412e-06,-0.0001399323594730717,False,False
7.0,1,False,0.0,23.0,1.0,True,-0.008541776114463051,-0.00899806924744162,0.008428303963119443,-0.012100323625171328,-0.008496398267807237,-0.005893527693681122,False,False
7.5,1,False,0.0,23.0,1.0,True,-0.21712881577206034,-0.2304399260594403,0.221616318600117,-0.2545634192645765,-0.22123598092287233,-0.06577847132788639,False,False
8.0,1,False,0.0,23.0,1.0,True,-0.9905357192309543,-1.085360925210419,1.0428084694944202,-1.2272300018256246,-0.9992064598938502,-0.06720459922100064,True,False
8.5,1,False,0.0,23.0,1.0,True,-1.473830298104014,-1.6152092502624935,1.529638196655906,-1.9302660100576459,-1.422525815060835,-0.06700643941773743,True,False
9.0,1,False,0.0,23.0,1.0,True,-1.6579392442790644,-1.7520202329853918,1.6463167927185731,-2.241095674706375,-1.5017300883781397,-0.06761880678094023,True,True
9.5,1,False,0.0,23.0,1.0,True,-1.6657548114791636,-1.7432567258272043,1.6485805138434424,-2.2635679937220283,-1.5033680041181805,-0.06716908696048307,True,True
10.0,1,False,0.0,23.0,1.0,True,-1.6657135433803365,-1.7429216991594565,1.6485805138434406,-2.2638589711848907,-1.5036344604423189,-0.06715768542408185,True,True
10.5,1,True,3.0,20.0,2.0,True,-1.6658244308251566,-1.7417918353444097,1.6485805138434415,-2.2639244574865636,-1.5036262554510937,-0.06714662726238352,True,True
11.0,1,False,3.0,20.0,2.0,True,-1.6658575618560754,-1.740763913036722,1.6485805138434424,-2.2638974054561922,-1.5037511075007854,-0.06747811441821083,True,True
11.5,1,False,3.0,20.0,2.0,True,-1.6657550780264883,-1.7405870646989783,1.6485805138434406,-2.263862922221251,-1.5035768824468612,-0.06712481121082581,True,False
12.0,1,False,3.0,20.0,2.0,True,-1.665813031350857,-1.7433071150916426,1.6485805138434388,-2.2637927981230668,-1.5035487457769703,-0.06714190954971677,False,False
12.5,1,False,3.0,20.0,2.0,True,-1.6826545527381356,-1.7681384574123484,1.6630730734396533,-2.2531156834092476,-1.490314946932112,-0.0820602439464726,True,False
13.0,1,False,3.0,20.0,2.0,True,-1.9962423142211305,-2.043499531748826,1.921946062654432,-2.1341005613589994,-1.2256373861544034,-0.366196729333784,True,True
13.5,1,False,3.0,20.0,2.0,True,-2.250667936387768,-2.1364886770160103,2.0415913858233266,-2.130611074570224,-1.0863014362801628,-0.5475690324225613,True,True
14.0,1,False,3.0,20.0,2.0,True,-2.293032265224384,-2.12878021849085,2.043560533122305,-2.130442569206031,-1.0843874055119906,-0.5571786217147614,True,True
14.5,1,False,3.0,20.0,2.0,True,-2.293005760149552,-2.128860981070509,2.043560533122304,-2.1305005525010285,-1.0841658286053857,-0.556800998370858,True,True
15.0,1,True,8.0,10.0,0.0,True,-2.2930232190014577,-2.128875828955657,2.043560533122303,-2.1307363338182626,-1.0840073145632179,-0.5571565321885128,True,True
15.5,1,False,8.0,10.0,0.0,True,-2.2930896409112007,-2.1298256538125093,2.043560533122302,-2.1308581616850892,-1.0842950317760724,-0.5573241831739857,True,True
16.0,1,False,8.0,10.0,0.0,True,-2.293050256547861,-2.1300624923931055,2.043560533122302,-2.1308387916048623,-1.0845538776958819,-0.5572109307349553,False,False
16.5,1,False,8.0,10.0,0.0,True,-2.293059350545497,-2.1311499914121805,2.043560533122302,-2.1306264935155363,-1.084614253186201,-0.5578782418063462,False,False
17.0,1,False,8.0,10.0,0.0,True,-2.3082191375251533,-2.1005698701547466,2.0290679735554367,-2.1402239779170023,-1.0708931018203707,-0.5741782516062646,False,False
17.5,1,False,8.0,10.0,0.0,True,-2.528824843725382,-1.8062349897695693,1.8594357767292315,-2.169584723119125,-0.9045273634793878,-0.8168267702057688,True,False
18.0,1,False,8.0,10.0,0.0,True,-2.8861820707162025,-1.3934030157508621,1.7337187754525951,-2.1695721426790557,-0.7879260832821693,-1.3101044539225573,True,False
18.5,1,False,8.0,10.0,0.0,True,-3.071439257789228,-1.2068836442655195,1.7323827789420454,-2.169911952010956,-0.7874541538310971,-1.4773891399154824,True,True
19.0,1,False,8.0,10.0,0.0,True,-3.0755652054793776,-1.2026034857822738,1.7323827789420454,-2.169533627789648,-0.7873313806779421,-1.4777943590864604,True,True
19.5,1,False,8.0,10.0,0.0,True,-3.075843146251807,-1.2033947902177902,1.7323827789420472,-2.1701739188241573,-0.7871488850966735,-1.477956145888263,True,True
20.0,1,False,8.0,10.0,0.0,True,-3.075599325737021,-1.1994098550737151,1.7323827789420472,-2.169505928666436,-0.7869711027483817,-1.478056888360828,True,True
20.5,1,False,8.0,10.0,0.0,True,-3.075506140320483,-1.19984865356622,1.7323827789420507,-2.1693661958428203,-0.7873278577085281,-1.4778910445313889,True,True
21.0,1,False,8.0,10.0,0.0,True,-3.075582695980528,-1.202550854456228,1.7323827789420543,-2.1701744000910645,-0.7872636420435573,-1.4782061463964684,True,True
21.5,1,False,8.0,10.0,0.0,True,-3.0755440185708514,-1.200021153731373,1.7323827789420543,-2.169262549449132,-0.7875465764902296,-1.4778670120764499,True,True
22.0,1,False,8.0,10.0,0.0,True,-3.075650677689972,-1.2024084709803073,1.732382778942057,-2.170401773960185,-0.7876132267447367,-1.4778095599484438,True,True
22.5,1,False,8.0,10.0,0.0,True,-3.0756583165664217,-1.2007907303702963,1.7323827789420578,-2.169695412194362,-0.7873747565480604,-1.4780838430640415,True,True
23.0,1,False,8.0,10.0,0.0,True,-3.0755295184719893,-1.2023619915485773,1.7323827789420614,-2.170283322131054,-0.7872054488741087,-1.4780834849482147,True,True
23.5,1,True,1.0,13.0,0.0,True,-3.0756180386069536,-1.2004583448036916,1.7323827789420605,-2.169526310727007,-0.787105877030426,-1.477985549782991,True,True
24.0,1,False,1.0,13.0,0.0,True,-3.0756383636049245,-1.2004309337466417,1.732382778942064,-2.1697075397387557,-0.7872805454943919,-1.4779543451729706,True,True
24.5,1,False,1.0,13.0,0.0,True,-3.0755899019445385,-1.202192777385319,1.7323827789420667,-2.1701813964297587,-0.7875076962270251,-1.4779248208382656,True,False
25.0,1,False,1.0,13.0,0.0,True,-3.07559132316518,-1.2024694515142516,1.7323827789420694,-2.1702011572393536,-0.7875408856368686,-1.478004065931791,False,False
25.5,1,False,1.0,13.0,0.0,True,-3.070382907180412,-1.2031019816617547,1.728035600124314,-2.164372159418356,-0.7928003238166901,-1.4692462073815848,False,False
26.0,1,False,1.0,13.0,0.0,True,-2.8859285564292767,-1.312123481790759,1.5595274680732558,-2.0843332850640595,-0.9099380018971086,-1.2456361845433932,True,False
26.5,1,False,1.0,13.0,0.0,True,-2.640013489456847,-1.357552006045669,1.3769330920813632,-2.077655801971786,-0.926050122999639,-0.9620959973426597,True,False
27.0,1,False,1.0,13.0,0.0,True,-2.586079701072668,-1.344491086100847,1.3616599413859305,-2.0775914690344672,-0.9269138902695744,-0.8515097619804317,True,True
27.5,1,False,1.0,13.0,0.0,True,-2.5846091909024436,-1.344879310616494,1.3616514673010167,-2.077020372485056,-0.9266401975159422,-0.8489833412929402,True,False
28.0,1,False,1.0,13.0,0.0,True,-2.5847659917673464,-1.343730407261564,1.3616514673010158,-2.0769211075973564,-0.9267541966277877,-0.8492725901349449,True,False
28.5,1,False,1.0,13.0,0.0,True,-2.5845642153418664,-1.3446585791596393,1.3616514673010123,-2.0769877728683452,-0.9269919379427138,-0.8493183272868339,True,False
29.0,1,False,1.0,13.0,0.0,True,-2.584702887718966,-1.344429720938816,1.3616514673010114,-2.0771127666188134,-0.9268696484965613,-0.8491993195657077,True,False
29.5,1,False,1.0,13.0,0.0,True,-2.58466884792365,-1.3443611543527911,1.3616514673010114,-2.077014852075499,-0.9270910016501919,-0.849426650826913,True,False
30.0,1,True,0.0,23.0,1.0,True,-2.5846847617282904,-1.3435031757833569,1.361651467301015,-2.076996854454186,-0.9271683750513553,-0.8492298548507486,True,False
30.5,1,False,0.0,23.0,1.0,True,-2.5846425727295648,-1.3454738901409042,1.3616514673010167,-2.0771910238799896,-0.92693036940444,-0.8492605513241096,True,False
31.0,1,False,0.0,23.0,1.0,True,-2.5847050508737324,-1.3434318783496186,1.3616514673010203,-2.077016806171387,-0.9269385667325745,-0.8491185811268176,True,False
31.5,1,False,0.0,23.0,1.0,True,-2.584726067878477,-1.3440178101925007,1.3616514673010203,-2.0769055481274705,-0.9270741102719899,-0.8491660134282677,False,False
32.0,1,False,0.0,23.0,1.0,True,-2.581475996227466,-1.3493908323455566,1.3659986461082392,-2.080223612343553,-0.9307252905632062,-0.8445973898669701,False,False
32.5,1,False,0.0,23.0,1.0,True,-2.2786018400335566,-1.5911220631871865,1.5767738292448907,-2.2410669744959124,-1.1778331281823586,-0.5667267370918854,False,False
33.0,1,False,0.0,23.0,1.0,True,-1.876899999964782,-1.7482499685978237,1.6480685015363195,-2.2641372613536275,-1.4514899926428004,-0.20209564647651224,True,True
33.5,1,False,0.0,23.0,1.0,True,-1.6726102345909064,-1.7397950547237846,1.6485805076279876,-2.2633721955162995,-1.5007006544893366,-0.06640071253914481,True,False
34.0,1,False,0.0,23.0,1.0,True,-1.6657926161560068,-1.7430329523181278,1.648580507627985,-2.2645078305977604,-1.5032417135265188,-0.06680062270526221,True,True
34.5,1,False,0.0,23.0,1.0,True,-1.665758102358053,-1.746001015031263,1.648580507627984,-2.264494702069798,-1.5034521085693457,-0.06713214742802975,True,True
35.0,1,False,0.0,23.0,1.0,True,-1.66590905859682,-1.740885865491224,1.6485805076279805,-2.2637976935404565,-1.5037383161981452,-0.06744346493865327,True,True
35.5,1,True,3.0,20.0,2.0,True,-1.6657992235732912,-1.7416061071778381,1.6485805076279778,-2.2637229820370024,-1.503327501840488,-0.06681713929201738,True,True
36.0,1,False,3.0,20.0,2.0,True,-1.6658399818964673,-1.7418384922502161,1.648580507627977,-2.2638200253214498,-1.5037083546621863,-0.06726842397849753,True,True
36.5,1,False,3.0,20.0,2.0,True,-1.6659118686401353,-1.741606896370806,1.6485805076279787,-2.2639089108336217,-1.5038702290613672,-0.06775711690209985,True,False
37.0,1,False,3.0,20.0,2.0,True,-1.6657615803427426,-1.740437607405263,1.6485805076279751,-2.2635555296047416,-1.5037821772228392,-0.06751598790855695,False,False
37.5,1,False,3.0,20.0,2.0,True,-1.6667338126092694,-1.7419689041498865,1.6504369925304196,-2.260982843681707,-1.5010810782590136,-0.06921214623391414,False,False
38.0,1,False,3.0,20.0,2.0,True,-1.8383336681578797,-1.906393150741649,1.8248040873824891,-2.150674617007822,-1.3204073511664793,-0.25525943283154273,True,True
38.5,1,False,3.0,20.0,2.0,True,-2.1474114378624067,-2.1106733086883347,2.022881399543306,-2.131017623118564,-1.109717399698055,-0.5080733988276283,True,True
39.0,1,False,3.0,20.0,2.0,True,-2.293062293773695,-2.131289540917053,2.043560532623512,-2.131081173284749,-1.084286379761477,-0.557456389601168,True,True
39.5,1,False,3.0,20.0,2.0,True,-2.2930470663016926,-2.128194780967707,2.04356053262351,-2.1306508056185196,-1.0842437274179755,-0.5573228267160708,True,True
40.0,1,True,8.0,10.0,0.0,True,-2.293073190930188,-2.128835616348237,2.04356053262351,-2.130700670011872,-1.0843197413271044,-0.5575933813168006,True,True
40.5,1,False,8.0,10.0,0.0,True,-2.293080741410783,-2.1283263893439015,2.043560532623512,-2.130259192597463,-1.0844576096680605,-0.5579061537451437,True,True
41.0,1,False,8.0,10.0,0.0,True,-2.2929304224564646,-2.128126555449125,2.043560532623511,-2.1305351524940885,-1.084412640662367,-0.5572212248740493,False,False
41.5,1,False,8.0,10.0,0.0,True,-2.2931090149647515,-2.1283813146136517,2.043560532623512,-2.130402470973581,-1.0843845978577988,-0.5575278024481891,False,False
42.0,1,False,8.0,10.0,0.0,True,-2.3146697169587247,-2.11991878520959,2.020627887975536,-2.1516712055524296,-1.0568240232520516,-0.5745976081919579,False,False
42.5,1,False,8.0,10.0,0.0,True,-2.5564659982949385,-1.8914319221478886,1.8389777469231285,-2.170166830357263,-0.8739747090847443,-0.8228621214412337,False,False
43.0,1,False,8.0,10.0,0.0,True,-2.9613846881340455,-1.3965570012426545,1.7329139742028667,-2.1698325785280144,-0.7884370316055174,-1.346720709967931,True,False
43.5,1,False,8.0,10.0,0.0,True,-3.074200242086513,-1.2087187314321906,1.73238277956795,-2.170052575198647,-0.78779977853553,-1.4799358685693411,True,True
44.0,1,False,8.0,10.0,0.0,True,-3.075594689185043,-1.2049976818355121,1.7323827795679536,-2.1696982970225465,-0.7876501272280381,-1.4779205517434066,True,True
44.5,1,False,8.0,10.0,0.0,True,-3.0755148734283138,-1.2022005157884026,1.732382779567959,-2.1701107607822223,-0.7875023046367047,-1.4780933729705508,True,True
45.0,1,False,8.0,10.0,0.0,True,-3.075671019549379,-1.2015403603907595,1.7323827795679572,-2.1698522290602478,-0.7873880927775483,-1.4778498272330616,True,True
45.5,1,False,8.0,10.0,0.0,True,-3.075604538349771,-1.2015328592331747,1.732382779567958,-2.1699676778349497,-0.7878137329037305,-1.4779991825225656,True,True
46.0,1,False,8.0,10.0,0.0,True,-3.075624111102875,-1.2023618518747767,1.7323827795679598,-2.170600258206174,-0.787434350786457,-1.4781236215353513,True,True
46.5,1,False,8.0,10.0,0.0,True,-3.0755306811266614,-1.2008640721832524,1.732382779567959,-2.169626987508475,-0.7875002716828492,-1.4780810457129947,True,True
47.0,1,False,8.0,10.0,0.0,True,-3.0756472989543946,-1.200831136576677,1.7323827795679625,-2.169669084365643,-0.7865054800752231,-1.477955453273494,True,True
47.5,1,False,8.0,10.0,0.0,True,-3.0757292283887736,-1.2010755309983372,1.7323827795679652,-2.169973835085206,-0.7872769659669032,-1.4780164599550991,True,True
48.0,1,False,8.0,10.0,0.0,True,-3.075679736982109,-1.201695335014385,1.732382779567966,-2.1700010032878456,-0.787361475583098,-1.4780621286281503,True,True
48.5,1,True,1.0,13.0,0.0,True,-3.0755851173280417,-1.2018533077886921,1.7323827795679678,-2.169934915875051,-0.7874314218934826,-1.4778464261039241,True,True
49.0,1,False,1.0,13.0,0.0,True,-3.075573839872871,-1.2035440121456693,1.732382779567966,-2.169789308100264,-0.7876131957093491,-1.4782584072018548,True,True
49.5,1,False,1.0,13.0,0.0,True,-3.0755998759226726,-1.2029056558407358,1.7323827795679687,-2.17006176124596,-0.787402492093292,-1.4778680365162922,True,False
50.0,1,False,1.0,13.0,0.0,True,-3.0756583077674557,-1.2024656157035478,1.7323827795679705,-2.1703042632812126,-0.787241815662794,-1.4779260607758768,False,False
50.5,1,False,1.0,13.0,0.0,True,-3.067009091254561,-1.2097892991388983,1.723954475584903,-2.1604905535276613,-0.799867703252664,-1.4684984633898326,True,False
51.0,1,False,1.0,13.0,0.0,True,-2.705755405366748,-1.351975809915566,1.4109180479662617,-2.077039898573129,-0.9263131644427034,-1.0411732856771811,True,True
51.5,1,False,1.0,13.0,0.0,True,-2.5849027917106033,-1.3430813780052455,1.3616514863112812,-2.0770594991113445,-0.9263093494224037,-0.8496166509622292,True,True
52.0,1,False,1.0,13.0,0.0,True,-2.584674647256378,-1.3433917208139823,1.3616514733916043,-2.0768606502394826,-0.9263753594135906,-0.8488329560698418,True,True
52.5,1,False,1.0,13.0,0.0,True,-2.5846589891911194,-1.3442929834490398,1.3616514733916034,-2.0770054389404153,-0.9269701866119489,-0.8491915426710106,True,True
53.0,1,False,1.0,13.0,0.0,True,-2.584582585426862,-1.3447161808578594,1.3616514733916034,-2.077132296922003,-0.9262832673406791,-0.8489010785605151,True,True
53.5,1,False,1.0,13.0,0.0,True,-2.584774244411582,-1.343926182664858,1.3616514733916008,-2.0773509074982215,-0.9266740392473416,-0.8492763379476451,True,True
54.0,1,False,1.0,13.0,0.0,True,-2.5847103123714605,-1.3452608025073687,1.3616514733915972,-2.077356205514379,-0.9270427812678372,-0.849542945723234,True,True
54.5,1,False,1.0,13.0,0.0,True,-2.584765439274795,-1.3437862823892832,1.3616514733915963,-2.0773374706512238,-0.9266273594659342,-0.8492080405755962,True,True
55.0,1,True,0.0,23.0,1.0,True,-2.584804854028154,-1.3456925766798138,1.3616514733915954,-2.078054544839998,-0.9270717771476216,-0.8493869830249374,True,True
55.5,1,False,0.0,23.0,1.0,True,-2.5845353899818067,-1.3485704583474494,1.3616514733915945,-2.0777417200741253,-0.9267061592199122,-0.8490846755248334,True,True
56.0,1,False,0.0,23.0,1.0,True,-2.584761598221877,-1.3452211013734798,1.3616514733915936,-2.0772677313461534,-0.926820397561003,-0.8489308879364867,False,False
56.5,1,False,0.0,23.0,1.0,True,-2.5846814971199015,-1.3449329921985553,1.3616514733915945,-2.0772225340547186,-0.9264575671381934,-0.8490360305351485,False,False
57.0,1,False,0.0,23.0,1.0,True,-2.559221994193334,-1.3628273685398682,1.384584118035706,-2.098059591501019,-0.9425341810753229,-0.8226749004648948,False,False
57.5,1,False,0.0,23.0,1.0,True,-2.2937972715087804,-1.5611001120853354,1.5588324295795042,-2.2351043342543537,-1.1565068466008226,-0.5575239556101081,False,False
58.0,1,False,0.0,23.0,1.0,True,-1.8970031213882548,-1.7431159531086102,1.6478461935083697,-2.2646412226561186,-1.4388117951380854,-0.1683539117569941,True,True
58.5,1,False,0.0,23.0,1.0,True,-1.6750868110660173,-1.741358689527166,1.6485805083335707,-2.2636925259138714,-1.5033115888574722,-0.06799228520707246,True,True
59.0,1,False,0.0,23.0,1.0,True,-1.6657986056555183,-1.7405922190253245,1.6485805083335698,-2.26367136517809,-1.5036411298723174,-0.06725648567256481,True,True
59.5,1,False,0.0,23.0,1.0,True,-1.6658030263249008,-1.738292158096451,1.648580508333568,-2.263675323666816,-1.5034477469129932,-0.06700075145998818,True,True
60.0,1,False,0.0,23.0,1.0,True,-1.6657375291476395,-1.741268531331241,1.6485805083335636,-2.263913442196298,-1.5034571879415388,-0.06691373998216976,True,False
60.5,1,True,3.0,20.0,2.0,True,-1.6658021334808444,-1.7420682803876817,1.6485805083335636,-2.263344346954291,-1.5037838206726635,-0.0673359159306326,True,True
61.0,1,False,3.0,20.0,2.0,True,-1.6658566463777547,-1.7410317190012448,1.6485805083335583,-2.263703724470963,-1.5035470739034915,-0.06722135127661222,True,True
61.5,1,False,3.0,20.0,2.0,True,-1.6658540511433273,-1.739678104004187,1.6485805083335565,-2.2633743545011447,-1.503549620276373,-0.06727501587983031,True,False
62.0,1,False,3.0,20.0,2.0,True,-1.6658852829640525,-1.74062983879808,1.6485805083335556,-2.2635559834550314,-1.5036813504806155,-0.06734758486595682,False,False
62.5,1,False,3.0,20.0,2.0,True,-1.6813015199662127,-1.7668832672672172,1.6715131528692764,-2.2420840975492196,-1.4809002534761238,-0.0902721374314499,True,False
63.0,1,False,3.0,20.0,2.0,True,-1.991905698602542,-2.0459309200921947,1.944117260893644,-2.132394800453917,-1.1785373354785813,-0.42479911215689414,True,True
63.5,1,False,3.0,20.0,2.0,True,-2.2924221937218805,-2.1277920745227767,2.043560566276427,-2.1304218891310818,-1.083654746459648,-0.5565200064248592,True,True
64.0,1,False,3.0,20.0,2.0,True,-2.2929445152094923,-2.1297020187708515,2.0435605307968876,-2.130915599720855,-1.083759921032276,-0.5570549153582913,True,True
64.5,1,False,3.0,20.0,2.0,True,-2.293050579642082,-2.1276398838493975,2.0435605307968876,-2.1303245111928666,-1.0839846471802543,-0.5570277664611201,True,True
65.0,1,True,8.0,10.0,0.0,True,-2.292859596406349,-2.128591265717814,2.0435605307968894,-2.130199611736904,-1.0841970849855214,-0.5570620564681956,True,True
65.5,1,False,8.0,10.0,0.0,True,-2.292951447974617,-2.1274903440788364,2.043560530796891,-2.1300907495900834,-1.0843342399497562,-0.5571953987412979,True,True
66.0,1,False,8.0,10.0,0.0,True,-2.2930125206670064,-2.1294581666384422,2.0435605307968885,-2.1307502222917876,-1.0843086173535852,-0.5570767818327389,True,False
66.5,1,False,8.0,10.0,0.0,True,-2.292955844995343,-2.1300297820753284,2.0435605307968894,-2.130893617586694,-1.0841021529558903,-0.557105809351436,False,False
67.0,1,False,8.0,10.0,0.0,True,-2.295780193412442,-2.126025340703575,2.0392133519973283,-2.1329895461709123,-1.0823140732227454,-0.5586560853113034,False,False
67.5,1,False,8.0,10.0,0.0,True,-2.4755524422494846,-1.930420177909645,1.8804313835106763,-2.1705327703063126,-0.9391701256260241,-0.7255271873553522,False,False
68.0,1,False,8.0,10.0,0.0,True,-2.93166436010575,-1.4009934541522497,1.7330586482310206,-2.169711633435397,-0.7875085806814193,-1.2575575915190598,True,False
68.5,1,False,8.0,10.0,0.0,True,-3.072277979243961,-1.2127808007099903,1.732382777444557,-2.169653227851051,-0.7873598650969349,-1.4711051464858178,True,True
69.0,1,False,8.0,10.0,0.0,True,-3.0756187280646445,-1.2075735175914586,1.7323827774445606,-2.169691286379128,-0.787705477825571,-1.4778495982375688,True,True
69.5,1,False,8.0,10.0,0.0,True,-3.0756590463623974,-1.20074583737137,1.7323827774445633,-2.169680129862594,-0.7872376925981159,-1.4780153210531104,True,True
70.0,1,False,8.0,10.0,0.0,True,-3.0755107822436196,-1.2018783340985202,1.732382777444565,-2.1700382557169595,-0.7871369303207381,-1.478016250777653,True,True
70.5,1,False,8.0,10.0,0.0,True,-3.0756590441150946,-1.2026139496786072,1.7323827774445641,-2.1703759738948394,-0.7872903352699776,-1.478015689732283,True,True
71.0,1,False,8.0,10.0,0.0,True,-3.0757217889778294,-1.2016531312392287,1.7323827774445677,-2.1698897848988725,-0.7875774876642958,-1.4782113273149475,True,True
71.5,1,False,8.0,10.0,0.0,True,-3.075746905566965,-1.2011618057818199,1.7323827774445695,-2.170094590034906,-0.7868871225482805,-1.477841659500931,True,True
72.0,1,False,8.0,10.0,0.0,True,-3.0756791488034283,-1.2009697306118472,1.732382777444573,-2.169938439383734,-0.7874726562836987,-1.4780311744701846,True,True
72.5,1,False,8.0,10.0,0.0,True,-3.0757075550821567,-1.2019547855134283,1.7323827774445766,-2.1701465262032675,-0.7879790660229515,-1.4780700394942423,True,True
73.0,1,False,8.0,10.0,0.0,True,-3.0756624819804,-1.2007058457910817,1.732382777444581,-2.169733167938028,-0.7874231408930958,-1.4781452144580056,True,True
73.5,1,True,1.0,13.0,0.0,True,-3.0757089581744435,-1.2036966250792176,1.7323827774445801,-2.170619375197618,-0.787414669772339,-1.4779330747002364,True,True
74.0,1,False,1.0,13.0,0.0,True,-3.0757483816604063,-1.2011826578774683,1.732382777444582,-2.169717228870926,-0.7871006163762346,-1.4777878086699623,True,True
74.5,1,False,1.0,13.0,0.0,True,-3.0756467618516856,-1.2010238788535395,1.7323827774445837,-2.169991742197973,-0.7875570243821217,-1.4779335481600588,True,False
75.0,1,False,1.0,13.0,0.0,True,-3.0756613084294395,-1.2024449077901203,1.7323827774445855,-2.1701781462879666,-0.7875326505245583,-1.4780151412043931,False,False
75.5,1,False,1.0,13.0,0.0,True,-3.0712167906811123,-1.2055725243988498,1.728035598622637,-2.1654958816711583,-0.7906369163423896,-1.4736103625669958,False,False
76.0,1,False,1.0,13.0,0.0,True,-2.92396698605775,-1.3083272049901806,1.5830913958677009,-2.084848797428349,-0.8977687028505033,-1.2484941249008852,True,False
76.5,1,False,1.0,13.0,0.0,True,-2.668183597680753,-1.3544228661649038,1.3854454320114646,-2.077243875855882,-0.9262466004116776,-0.9912864804855372,True,False
77.0,1,False,1.0,13.0,0.0,True,-2.5847030228248835,-1.3439952487639282,1.3616514863476032,-2.0769884883062,-0.9270523272719764,-0.8527899814196309,True,True
77.5,1,False,1.0,13.0,0.0,True,-2.584768383884609,-1.3436288434594337,1.3616514570110434,-2.0767080975835066,-0.9268726867100652,-0.8492673790412018,True,True
78.0,1,False,1.0,13.0,0.0,True,-2.5846703688082266,-1.343173458940071,1.3616514570110443,-2.0770588923254465,-0.9268268344751149,-0.8492034103560964,True,False
78.5,1,False,1.0,13.0,0.0,True,-2.5847005960360034,-1.3429227056781654,1.3616514570110416,-2.076560514709878,-0.9264648668669677,-0.8490454647506782,True,False
79.0,1,False,1.0,13.0,0.0,True,-2.5846500895449322,-1.3436972059547694,1.3616514570110398,-2.0767675391037743,-0.9265509842882782,-0.8492320539271607,True,True
79.5,1,False,1.0,13.0,0.0,True,-2.584808315311391,-1.3461679198772325,1.361651457011038,-2.077545995913063,-0.9269871652405284,-0.849163183926037,True,True
80.0,1,True,0.0,23.0,1.0,True,-2.5847582161273133,-1.343983981769389,1.361651457011038,-2.076935659073998,-0.9271948672276187,-0.84960044182034,True,True
80.5,1,False,0.0,23.0,1.0,True,-2.584750436968518,-1.344484585302915,1.3616514570110398,-2.0770239185010375,-0.9271016288527179,-0.8495574691982384,True,True
81.0,1,False,0.0,23.0,1.0,True,-2.584694526227545,-1.3449931967277005,1.3616514570110363,-2.077139219756547,-0.9271149974753925,-0.8496718197770101,True,False
81.5,1,False,0.0,23.0,1.0,True,-2.5848005677559076,-1.345382549163836,1.361651457011038,-2.0772909290617507,-0.9271645693954325,-0.849405611660123,False,False
82.0,1,False,0.0,23.0,1.0,True,-2.5783035730042245,-1.3523721268028153,1.3700797609713513,-2.0868496193123924,-0.9294213677913277,-0.8440922568662019,False,False
82.5,1,False,0.0,23.0,1.0,True,-2.3983570942491665,-1.5368664599053155,1.5200897559649746,-2.2301171350616693,-1.129072515927322,-0.6028459089576144,False,False
83.0,1,False,0.0,23.0,1.0,True,-1.9372218972714776,-1.7479875335879003,1.6478461821603165,-2.2638936946359074,-1.4204316655858023,-0.23287478204303635,True,True
83.5,1,False,0.0,23.0,1.0,True,-1.6902149010787415,-1.7404093160966294,1.6485805161702798,-2.263497691878764,-1.5032757440232531,-0.07164986713105082,True,True
84.0,1,False,0.0,23.0,1.0,True,-1.665634201945073,-1.7411479309870552,1.648580516170278,-2.2638335881274,-1.5034315497251924,-0.06702281193769011,True,True
84.5,1,False,0.0,23.0,1.0,True,-1.6657127003521284,-1.7423332379369194,1.648580516170278,-2.263810498681832,-1.5032026477863578,-0.06613025238411163,True,True
85.0,1,False,0.0,23.0,1.0,True,-1.6657930211304173,-1.7409999404140724,1.6485805161702753,-2.263702784352634,-1.5035268215710653,-0.06712659218045491,True,True
85.5,1,True,3.0,20.0,2.0,True,-1.665738311079319,-1.739899881464006,1.6485805161702762,-2.2634279420528713,-1.5032290980994079,-0.06671994397541292,True,True
86.0,1,False,3.0,20.0,2.0,True,-1.665731317411649,-1.74041745138266,1.6485805161702745,-2.2637880483523185,-1.5035188470530958,-0.06705173776271955,True,True
86.5,1,False,3.0,20.0,2.0,True,-1.6657917713850097,-1.7406195137250338,1.6485805161702745,-2.263889580008482,-1.5035513473165532,-0.06684008045023182,False,False
87.0,1,False,3.0,20.0,2.0,True,-1.6657897610950316,-1.7432178871443424,1.6485805161702674,-2.2635076870972552,-1.5033947911045589,-0.06692056048468364,False,False
87.5,1,False,3.0,20.0,2.0,True,-1.688390118833813,-1.7614474316315478,1.663073075807925,-2.24675889147806,-1.4889286831142376,-0.07476556596931161,True,False
88.0,1,False,3.0,20.0,2.0,True,-1.914901858269035,-1.9613728775057178,1.8495727622838745,-2.1443381403995945,-1.298092122385282,-0.25477393381020264,True,True
88.5,1,False,3.0,20.0,2.0,True,-2.2587452721576815,-2.1333239214877713,2.0415913858606407,-2.1304315997079195,-1.0864780635777107,-0.5480936189469987,True,True
89.0,1,False,3.0,20.0,2.0,True,-2.2929760118565614,-2.131301794052642,2.0435605287437193,-2.130390942538578,-1.0841404145286733,-0.556611328559673,True,True
89.5,1,False,3.0,20.0,2.0,True,-2.293009186125907,-2.127902289936843,2.0435605287437175,-2.130344618236948,-1.0844323739402553,-0.5571916829555077,True,True
90.0,1,True,8.0,10.0,0.0,True,-2.293108923074727,-2.130329515360553,2.0435605287437157,-2.13049439837648,-1.084504772058514,-0.557209271130652,True,True
90.5,1,False,8.0,10.0,0.0,True,-2.29295998341944,-2.1277392370572246,2.043560528743714,-2.1303156589019467,-1.0839699712627118,-0.5572017935015943,True,True
91.0,1,False,8.0,10.0,0.0,True,-2.2930389577464885,-2.1272813524363263,2.0435605287437157,-2.1303049486316263,-1.084072033560009,-0.5571277933739389,True,False
91.5,1,False,8.0,10.0,0.0,True,-2.2930731100123705,-2.128283573832384,2.043560528743714,-2.130393317393647,-1.0842894402634524,-0.5575584231284192,False,False
92.0,1,False,8.0,10.0,0.0,True,-2.3006819390685243,-2.129962619896964,2.0351322247417105,-2.1346305227203066,-1.0809202683755723,-0.5605940551062094,False,False
92.5,1,False,8.0,10.0,0.0,True,-2.587007924893391,-1.8665640485253316,1.8194499836255025,-2.1695005987765503,-0.8700505003834085,-0.8631058982325497,True,False
93.0,1,False,8.0,10.0,0.0,True,-2.9353735830300742,-1.4467962614221221,1.7330586504084655,-2.1699051233525353,-0.787842336995797,-1.2799334842215986,True,True
93.5,1,False,8.0,10.0,0.0,True,-3.0754931006680666,-1.2034856145920676,1.7323827783134602,-2.1695469603614095,-0.7872896298834009,-1.4796934947466491,True,True
94.0,1,False,8.0,10.0,0.0,True,-3.075551814602769,-1.2013819296087664,1.7323827783134638,-2.169777534951023,-0.7874472159482404,-1.4779739598937054,True,True
94.5,1,False,8.0,10.0,0.0,True,-3.0756644665592328,-1.2018779269278985,1.7323827783134673,-2.1706217702945647,-0.7875878808677257,-1.477938492053231,True,True
95.0,1,False,8.0,10.0,0.0,True,-3.075592116230566,-1.201652178545637,1.7323827783134709,-2.169834377860748,-0.7875035142808371,-1.4778658929035862,True,True
95.5,1,False,8.0,10.0,0.0,True,-3.0757523684156576,-1.1999502483606603,1.732382778313469,-2.169600602982902,-0.7873017862596754,-1.4777426901373145,True,True
96.0,1,False,8.0,10.0,0.0,True,-3.075637826011783,-1.2016580426414274,1.73238277831347,-2.1700937916926994,-0.7871954421807801,-1.4782037682563223,True,True
96.5,1,False,8.0,10.0,0.0,True,-3.075624332225705,-1.2013168468639783,1.7323827783134726,-2.1701093337559856,-0.7876651776783934,-1.478024556182275,True,True
97.0,1,False,8.0,10.0,0.0,True,-3.0755996198555406,-1.2032327970432162,1.7323827783134735,-2.17023345359772,-0.7878881071387829,-1.4781131246087638,True,True
97.5,1,False,8.0,10.0,0.0,True,-3.075646749206604,-1.2008641855893725,1.7323827783134735,-2.1695942137119735,-0.7874033573055108,-1.4779472895122705,True,True
98.0,1,False,8.0,10.0,0.0,True,-3.075618260814525,-1.2005706848315754,1.7323827783134762,-2.169672374332058,-0.7870083691602234,-1.4780908655370242,True,True
98.5,1,True,1.0,13.0,0.0,True,-3.0757522223432456,-1.2006149125949817,1.7323827783134762,-2.1697237385505774,-0.7873380110709052,-1.4778572530506402,True,True
99.0,1,False,1.0,13.0,0.0,True,-3.0755375047012086,-1.2018292563382262,1.7323827783134789,-2.1698580937063134,-0.7876303381608132,-1.4779355082686196,True,True
99.5,1,False,1.0,13.0,0.0,True,-3.07564297009589,-1.2023072034685534,1.7323827783134815,-2.170047054174985,-0.7870466699698802,-1.4779675272934414,False,False
